visit_id,bluetooth_triggered,ground_truth,verification_correct,offline_capable
visit_0000,False,False,True,True
visit_0001,True,True,True,True
visit_0002,False,False,True,True
visit_0003,False,False,True,True
visit_0004,True,True,True,True
visit_0005,False,False,True,True
visit_0006,False,False,True,True
visit_0007,False,False,True,True
visit_0008,False,False,True,True
visit_0009,False,False,True,True
visit_0010,False,False,True,True
visit_0011,False,False,True,True
visit_0012,False,False,True,True
visit_0013,False,False,True,True
visit_0014,False,False,True,True
visit_0015,False,False,True,True
visit_0016,False,False,True,True
visit_0017,False,False,True,True
visit_0018,True,True,True,True
visit_0019,False,False,True,True
visit_0020,False,False,True,True
visit_0021,False,False,True,True
visit_0022,False,False,True,True
visit_0023,False,False,True,True
visit_0024,False,False,True,True
visit_0025,True,True,True,True
visit_0026,False,False,True,True
visit_0027,False,False,True,True
visit_0028,False,False,True,True
visit_0029,False,False,True,True
visit_0030,False,False,True,True
visit_0031,True,True,True,True
visit_0032,False,False,True,True
visit_0033,False,False,True,True
visit_0034,True,True,True,True
visit_0035,False,False,True,True
visit_0036,False,False,True,True
visit_0037,False,False,True,True
visit_0038,False,False,True,True
visit_0039,False,False,True,True
visit_0040,False,False,True,True
visit_0041,False,False,True,True
visit_0042,True,True,True,True
visit_0043,False,False,True,True
visit_0044,False,False,True,True
visit_0045,False,False,True,True
visit_0046,False,False,True,True
visit_0047,False,False,True,True
visit_0048,False,False,True,True
visit_0049,True,True,True,True
visit_0050,False,False,True,True
visit_0051,False,False,True,True
visit_0052,False,False,True,True
visit_0053,False,False,True,True
visit_0054,True,True,True,True
visit_0055,True,True,True,True
visit_0056,False,False,True,True
visit_0057,False,False,True,True
visit_0058,True,True,True,True
visit_0059,True,True,True,True
visit_0060,False,False,True,True
visit_0061,False,False,True,True
visit_0062,True,True,True,True
visit_0063,False,False,True,True
visit_0064,False,False,True,True
visit_0065,False,False,True,True
visit_0066,False,False,True,True
visit_0067,False,False,True,True
visit_0068,True,True,True,True
visit_0069,False,False,True,True
visit_0070,True,True,True,True
visit_0071,False,False,True,True
visit_0072,False,False,True,True
visit_0073,False,False,True,True
visit_0074,False,False,True,True
visit_0075,False,False,True,True
visit_0076,False,False,True,True
visit_0077,True,True,True,True
visit_0078,False,False,True,True
visit_0079,False,False,True,True
visit_0080,False,False,True,True
visit_0081,True,True,True,True
visit_0082,False,False,True,True
visit_0083,False,False,True,True
visit_0084,False,False,True,True
visit_0085,True,True,True,True
visit_0086,False,False,True,True
visit_0087,True,True,True,True
visit_0088,False,False,True,True
visit_0089,False,False,True,True
visit_0090,False,False,True,True
visit_0091,False,False,True,True
visit_0092,False,False,True,True
visit_0093,True,True,True,True
visit_0094,False,False,True,True
visit_0095,False,False,True,True
visit_0096,False,False,True,True
visit_0097,False,False,True,True
visit_0098,True,True,True,True
visit_0099,False,False,True,True
visit_0100,False,False,True,True
visit_0101,True,True,True,True
visit_0102,False,False,True,True
visit_0103,True,True,True,True
visit_0104,False,False,True,True
visit_0105,False,False,True,True
visit_0106,True,True,True,True
visit_0107,True,True,True,True
visit_0108,False,False,True,True
visit_0109,True,True,True,True
visit_0110,False,False,True,True
visit_0111,False,False,True,True
visit_0112,False,False,True,True
visit_0113,True,True,True,True
visit_0114,False,False,True,True
visit_0115,False,False,True,True
visit_0116,False,False,True,True
visit_0117,False,False,True,True
visit_0118,False,False,True,True
visit_0119,True,True,True,True
visit_0120,False,False,True,True
visit_0121,False,False,True,True
visit_0122,False,False,True,True
visit_0123,False,False,True,True
visit_0124,False,False,True,True
visit_0125,False,False,True,True
visit_0126,False,False,True,True
visit_0127,True,True,True,True
visit_0128,False,False,True,True
visit_0129,False,False,True,True
visit_0130,False,False,True,True
visit_0131,False,False,True,True
visit_0132,True,True,True,True
visit_0133,False,False,True,True
visit_0134,False,False,True,True
visit_0135,False,False,True,True
visit_0136,False,False,True,True
visit_0137,True,True,True,True
visit_0138,False,False,True,True
visit_0139,True,True,True,True
visit_0140,False,False,True,True
visit_0141,False,False,True,True
visit_0142,False,False,True,True
visit_0143,False,False,True,True
visit_0144,False,False,True,True
visit_0145,False,False,True,True
visit_0146,False,False,True,True
visit_0147,False,False,True,True
visit_0148,True,True,True,True
visit_0149,False,False,True,True
visit_0150,True,True,True,True
visit_0151,False,False,True,True
visit_0152,False,False,True,True
visit_0153,False,False,True,True
visit_0154,True,True,True,True
visit_0155,True,True,True,True
visit_0156,True,True,True,True
visit_0157,False,False,True,True
visit_0158,True,True,True,True
visit_0159,False,False,True,True
visit_0160,False,False,True,True
visit_0161,False,False,True,True
visit_0162,False,False,True,True
visit_0163,False,False,True,True
visit_0164,True,True,True,True
visit_0165,False,False,True,True
visit_0166,True,True,True,True
visit_0167,False,False,True,True
visit_0168,False,False,True,True
visit_0169,True,True,True,True
visit_0170,False,False,True,True
visit_0171,False,False,True,True
visit_0172,False,False,True,True
visit_0173,False,False,True,True
visit_0174,False,False,True,True
visit_0175,False,False,True,True
visit_0176,False,False,True,True
visit_0177,False,False,True,True
visit_0178,False,False,True,True
visit_0179,False,False,True,True
visit_0180,True,True,True,True
visit_0181,False,False,True,True
visit_0182,False,False,True,True
visit_0183,False,False,True,True
visit_0184,False,False,True,True
visit_0185,True,True,True,True
visit_0186,True,True,True,True
visit_0187,False,False,True,True
visit_0188,False,False,True,True
visit_0189,False,False,True,True
visit_0190,True,True,True,True
visit_0191,True,True,True,True
visit_0192,False,False,True,True
visit_0193,True,True,True,True
visit_0194,False,False,True,True
visit_0195,False,False,True,True
visit_0196,True,True,True,True
visit_0197,False,False,True,True
visit_0198,False,False,True,True
visit_0199,False,False,True,True
visit_0200,True,True,True,True
visit_0201,False,False,True,True
visit_0202,False,False,True,True
visit_0203,False,False,True,True
visit_0204,True,True,True,True
visit_0205,False,False,True,True
visit_0206,False,False,True,True
visit_0207,False,False,True,True
visit_0208,True,True,True,True
visit_0209,False,False,True,True
visit_0210,True,True,True,True
visit_0211,True,True,True,True
visit_0212,True,True,True,True
visit_0213,True,True,True,True
visit_0214,False,False,True,True
visit_0215,True,True,True,True
visit_0216,True,True,True,True
visit_0217,False,False,True,True
visit_0218,False,False,True,True
visit_0219,True,True,True,True
visit_0220,False,False,True,True
visit_0221,False,False,True,True
visit_0222,False,False,True,True
visit_0223,True,True,True,True
visit_0224,False,False,True,True
visit_0225,True,True,True,True
visit_0226,False,False,True,True
visit_0227,True,True,True,True
visit_0228,False,False,True,True
visit_0229,False,False,True,True
visit_0230,False,False,True,True
visit_0231,False,False,True,True
visit_0232,True,True,True,True
visit_0233,False,False,True,True
visit_0234,True,True,True,True
visit_0235,False,False,True,True
visit_0236,False,False,True,True
visit_0237,True,True,True,True
visit_0238,False,False,True,True
visit_0239,False,False,True,True
visit_0240,False,False,True,True
visit_0241,True,True,True,True
visit_0242,False,False,True,True
visit_0243,False,False,True,True
visit_0244,True,True,True,True
visit_0245,True,True,True,True
visit_0246,False,False,True,True
visit_0247,False,False,True,True
visit_0248,False,False,True,True
visit_0249,False,False,True,True
visit_0250,False,False,True,True
visit_0251,False,False,True,True
visit_0252,True,True,True,True
visit_0253,False,False,True,True
visit_0254,True,True,True,True
visit_0255,False,False,True,True
visit_0256,True,True,True,True
visit_0257,False,False,True,True
visit_0258,False,False,True,True
visit_0259,True,True,True,True
visit_0260,False,False,True,True
visit_0261,False,False,True,True
visit_0262,True,True,True,True
visit_0263,False,False,True,True
visit_0264,False,False,True,True
visit_0265,False,False,True,True
visit_0266,False,False,True,True
visit_0267,False,False,True,True
visit_0268,True,True,True,True
visit_0269,True,True,True,True
visit_0270,False,False,True,True
visit_0271,False,False,True,True
visit_0272,False,False,True,True
visit_0273,False,False,True,True
visit_0274,False,False,True,True
visit_0275,False,False,True,True
visit_0276,True,True,True,True
visit_0277,True,True,True,True
visit_0278,False,False,True,True
visit_0279,False,False,True,True
visit_0280,True,True,True,True
visit_0281,False,False,True,True
visit_0282,False,False,True,True
visit_0283,False,False,True,True
visit_0284,False,False,True,True
visit_0285,True,True,True,True
visit_0286,True,True,True,True
visit_0287,False,False,True,True
visit_0288,False,False,True,True
visit_0289,False,False,True,True
visit_0290,False,False,True,True
visit_0291,False,False,True,True
visit_0292,True,True,True,True
visit_0293,True,True,True,True
visit_0294,True,True,True,True
visit_0295,False,False,True,True
visit_0296,False,False,True,True
visit_0297,False,False,True,True
visit_0298,False,False,True,True
visit_0299,False,False,True,True
visit_0300,False,False,True,True
visit_0301,False,False,True,True
visit_0302,False,False,True,True
visit_0303,True,True,True,True
visit_0304,True,True,True,True
visit_0305,True,True,True,True
visit_0306,True,True,True,True
visit_0307,False,False,True,True
visit_0308,False,False,True,True
visit_0309,False,False,True,True
visit_0310,True,True,True,True
visit_0311,False,False,True,True
visit_0312,False,False,True,True
visit_0313,False,False,True,True
visit_0314,False,False,True,True
visit_0315,False,False,True,True
visit_0316,False,False,True,True
visit_0317,False,False,True,True
visit_0318,True,True,True,True
visit_0319,False,False,True,True
visit_0320,False,False,True,True
visit_0321,False,False,True,True
visit_0322,False,False,True,True
visit_0323,False,False,True,True
visit_0324,True,True,True,True
visit_0325,False,False,True,True
visit_0326,False,False,True,True
visit_0327,True,True,True,True
visit_0328,False,False,True,True
visit_0329,False,False,True,True
visit_0330,False,False,True,True
visit_0331,True,True,True,True
visit_0332,False,False,True,True
visit_0333,True,True,True,True
visit_0334,False,False,True,True
visit_0335,False,False,True,True
visit_0336,True,True,True,True
visit_0337,True,True,True,True
visit_0338,False,False,True,True
visit_0339,True,True,True,True
visit_0340,False,False,True,True
visit_0341,True,True,True,True
visit_0342,True,True,True,True
visit_0343,False,False,True,True
visit_0344,False,False,True,True
visit_0345,False,False,True,True
visit_0346,False,False,True,True
visit_0347,False,False,True,True
visit_0348,True,True,True,True
visit_0349,False,False,True,True
visit_0350,True,True,True,True
visit_0351,False,False,True,True
visit_0352,False,False,True,True
visit_0353,False,False,True,True
visit_0354,False,False,True,True
visit_0355,False,False,True,True
visit_0356,False,False,True,True
visit_0357,False,False,True,True
visit_0358,False,False,True,True
visit_0359,False,False,True,True
visit_0360,False,False,True,True
visit_0361,True,True,True,True
visit_0362,False,False,True,True
visit_0363,False,False,True,True
visit_0364,False,False,True,True
visit_0365,False,False,True,True
visit_0366,False,False,True,True
visit_0367,True,True,True,True
visit_0368,False,False,True,True
visit_0369,False,False,True,True
visit_0370,True,True,True,True
visit_0371,True,True,True,True
visit_0372,False,False,True,True
visit_0373,False,False,True,True
visit_0374,False,False,True,True
visit_0375,False,False,True,True
visit_0376,False,False,True,True
visit_0377,False,False,True,True
visit_0378,False,False,True,True
visit_0379,False,False,True,True
visit_0380,False,False,True,True
visit_0381,True,True,True,True
visit_0382,False,False,True,True
visit_0383,True,True,True,True
visit_0384,False,False,True,True
visit_0385,False,False,True,True
visit_0386,False,False,True,True
visit_0387,False,False,True,True
visit_0388,False,False,True,True
visit_0389,True,True,True,True
visit_0390,True,True,True,True
visit_0391,False,False,True,True
visit_0392,False,False,True,True
visit_0393,False,False,True,True
visit_0394,False,False,True,True
visit_0395,True,True,True,True
visit_0396,False,False,True,True
visit_0397,False,False,True,True
visit_0398,False,False,True,True
visit_0399,False,False,True,True
visit_0400,True,True,True,True
visit_0401,False,False,True,True
visit_0402,False,False,True,True
visit_0403,True,True,True,True
visit_0404,False,False,True,True
visit_0405,False,False,True,True
visit_0406,True,True,True,True
visit_0407,True,True,True,True
visit_0408,False,False,True,True
visit_0409,False,False,True,True
visit_0410,False,False,True,True
visit_0411,False,False,True,True
visit_0412,False,False,True,True
visit_0413,False,False,True,True
visit_0414,True,True,True,True
visit_0415,False,False,True,True
visit_0416,False,False,True,True
visit_0417,True,True,True,True
visit_0418,True,True,True,True
visit_0419,False,False,True,True
visit_0420,False,False,True,True
visit_0421,False,False,True,True
visit_0422,False,False,True,True
visit_0423,False,False,True,True
visit_0424,False,False,True,True
visit_0425,False,False,True,True
visit_0426,False,False,True,True
visit_0427,False,False,True,True
visit_0428,False,False,True,True
visit_0429,False,False,True,True
visit_0430,False,False,True,True
visit_0431,True,True,True,True
visit_0432,False,False,True,True
visit_0433,False,False,True,True
visit_0434,False,False,True,True
visit_0435,False,False,True,True
visit_0436,True,True,True,True
visit_0437,False,False,True,True
visit_0438,False,False,True,True
visit_0439,True,True,True,True
visit_0440,False,False,True,True
visit_0441,True,True,True,True
visit_0442,False,False,True,True
visit_0443,False,False,True,True
visit_0444,False,False,True,True
visit_0445,True,True,True,True
visit_0446,False,False,True,True
visit_0447,False,False,True,True
visit_0448,False,False,True,True
visit_0449,True,True,True,True
visit_0450,False,False,True,True
visit_0451,False,False,True,True
visit_0452,True,True,True,True
visit_0453,False,False,True,True
visit_0454,False,False,True,True
visit_0455,True,True,True,True
visit_0456,True,True,True,True
visit_0457,False,False,True,True
visit_0458,False,False,True,True
visit_0459,False,False,True,True
visit_0460,False,False,True,True
visit_0461,False,False,True,True
visit_0462,False,False,True,True
visit_0463,True,True,True,True
visit_0464,True,True,True,True
visit_0465,False,False,True,True
visit_0466,True,True,True,True
visit_0467,False,False,True,True
visit_0468,False,False,True,True
visit_0469,False,False,True,True
visit_0470,False,False,True,True
visit_0471,False,False,True,True
visit_0472,True,True,True,True
visit_0473,False,False,True,True
visit_0474,True,True,True,True
visit_0475,False,False,True,True
visit_0476,False,False,True,True
visit_0477,True,True,True,True
visit_0478,False,False,True,True
visit_0479,False,False,True,True
visit_0480,True,True,True,True
visit_0481,False,False,True,True
visit_0482,True,True,True,True
visit_0483,False,False,True,True
visit_0484,False,False,True,True
visit_0485,True,True,True,True
visit_0486,False,False,True,True
visit_0487,False,False,True,True
visit_0488,True,True,True,True
visit_0489,True,True,True,True
visit_0490,False,False,True,True
visit_0491,False,False,True,True
visit_0492,True,True,True,True
visit_0493,False,False,True,True
visit_0494,True,True,True,True
visit_0495,True,True,True,True
visit_0496,False,False,True,True
visit_0497,False,False,True,True
visit_0498,False,False,True,True
visit_0499,False,False,True,True
visit_0500,False,False,True,True
visit_0501,False,False,True,True
visit_0502,False,False,True,True
visit_0503,True,True,True,True
visit_0504,False,False,True,True
visit_0505,False,False,True,True
visit_0506,False,False,True,True
visit_0507,False,False,True,True
visit_0508,False,False,True,True
visit_0509,False,False,True,True
visit_0510,False,False,True,True
visit_0511,False,False,True,True
visit_0512,True,True,True,True
visit_0513,True,True,True,True
visit_0514,False,False,True,True
visit_0515,False,False,True,True
visit_0516,False,False,True,True
visit_0517,False,False,True,True
visit_0518,False,False,True,True
visit_0519,False,False,True,True
visit_0520,False,False,True,True
visit_0521,False,False,True,True
visit_0522,True,True,True,True
visit_0523,False,False,True,True
visit_0524,False,False,True,True
visit_0525,True,True,True,True
visit_0526,False,False,True,True
visit_0527,False,False,True,True
visit_0528,False,False,True,True
visit_0529,False,False,True,True
visit_0530,False,False,True,True
visit_0531,False,False,True,True
visit_0532,False,False,True,True
visit_0533,False,False,True,True
visit_0534,True,True,True,True
visit_0535,True,True,True,True
visit_0536,False,False,True,True
visit_0537,False,False,True,True
visit_0538,False,False,True,True
visit_0539,False,False,True,True
visit_0540,False,False,True,True
visit_0541,False,False,True,True
visit_0542,False,False,True,True
visit_0543,False,False,True,True
visit_0544,False,False,True,True
visit_0545,False,False,True,True
visit_0546,True,True,True,True
visit_0547,True,True,True,True
visit_0548,False,False,True,True
visit_0549,False,False,True,True
visit_0550,False,False,True,True
visit_0551,False,False,True,True
visit_0552,False,False,True,True
visit_0553,False,False,True,True
visit_0554,True,True,True,True
visit_0555,False,False,True,True
visit_0556,True,True,True,True
visit_0557,False,False,True,True
visit_0558,False,False,True,True
visit_0559,False,False,True,True
visit_0560,True,True,True,True
visit_0561,False,False,True,True
visit_0562,False,False,True,True
visit_0563,True,True,True,True
visit_0564,True,True,True,True
visit_0565,False,False,True,True
visit_0566,False,False,True,True
visit_0567,False,False,True,True
visit_0568,True,True,True,True
visit_0569,False,False,True,True
visit_0570,False,False,True,True
visit_0571,False,False,True,True
visit_0572,False,False,True,True
visit_0573,False,False,True,True
visit_0574,False,False,True,True
visit_0575,True,True,True,True
visit_0576,True,True,True,True
visit_0577,True,True,True,True
visit_0578,False,False,True,True
visit_0579,False,False,True,True
visit_0580,False,False,True,True
visit_0581,False,False,True,True
visit_0582,False,False,True,True
visit_0583,False,False,True,True
visit_0584,True,True,True,True
visit_0585,False,False,True,True
visit_0586,True,True,True,True
visit_0587,False,False,True,True
visit_0588,False,False,True,True
visit_0589,False,False,True,True
visit_0590,True,True,True,True
visit_0591,True,True,True,True
visit_0592,False,False,True,True
visit_0593,False,False,True,True
visit_0594,True,True,True,True
visit_0595,False,False,True,True
visit_0596,False,False,True,True
visit_0597,False,False,True,True
visit_0598,False,False,True,True
visit_0599,False,False,True,True
visit_0600,False,False,True,True
visit_0601,False,False,True,True
visit_0602,False,False,True,True
visit_0603,False,False,True,True
visit_0604,False,False,True,True
visit_0605,False,False,True,True
visit_0606,True,True,True,True
visit_0607,True,True,True,True
visit_0608,False,False,True,True
visit_0609,True,True,True,True
visit_0610,True,True,True,True
visit_0611,True,True,True,True
visit_0612,True,True,True,True
visit_0613,False,False,True,True
visit_0614,False,False,True,True
visit_0615,False,False,True,True
visit_0616,False,False,True,True
visit_0617,True,True,True,True
visit_0618,False,False,True,True
visit_0619,False,False,True,True
visit_0620,False,False,True,True
visit_0621,True,True,True,True
visit_0622,False,False,True,True
visit_0623,False,False,True,True
visit_0624,False,False,True,True
visit_0625,False,False,True,True
visit_0626,False,False,True,True
visit_0627,False,False,True,True
visit_0628,True,True,True,True
visit_0629,False,False,True,True
visit_0630,False,False,True,True
visit_0631,False,False,True,True
visit_0632,True,True,True,True
visit_0633,False,False,True,True
visit_0634,False,False,True,True
visit_0635,False,False,True,True
visit_0636,True,True,True,True
visit_0637,False,False,True,True
visit_0638,False,False,True,True
visit_0639,False,False,True,True
visit_0640,True,True,True,True
visit_0641,False,False,True,True
visit_0642,False,False,True,True
visit_0643,False,False,True,True
visit_0644,False,False,True,True
visit_0645,True,True,True,True
visit_0646,True,True,True,True
visit_0647,False,False,True,True
visit_0648,False,False,True,True
visit_0649,False,False,True,True
visit_0650,False,False,True,True
visit_0651,False,False,True,True
visit_0652,False,False,True,True
visit_0653,False,False,True,True
visit_0654,False,False,True,True
visit_0655,False,False,True,True
visit_0656,False,False,True,True
visit_0657,False,False,True,True
visit_0658,False,False,True,True
visit_0659,False,False,True,True
visit_0660,True,True,True,True
visit_0661,False,False,True,True
visit_0662,False,False,True,True
visit_0663,False,False,True,True
visit_0664,False,False,True,True
visit_0665,False,False,True,True
visit_0666,True,True,True,True
visit_0667,False,False,True,True
visit_0668,True,True,True,True
visit_0669,False,False,True,True
visit_0670,True,True,True,True
visit_0671,False,False,True,True
visit_0672,False,False,True,True
visit_0673,False,False,True,True
visit_0674,False,False,True,True
visit_0675,True,True,True,True
visit_0676,False,False,True,True
visit_0677,False,False,True,True
visit_0678,False,False,True,True
visit_0679,False,False,True,True
visit_0680,False,False,True,True
visit_0681,False,False,True,True
visit_0682,False,False,True,True
visit_0683,True,True,True,True
visit_0684,False,False,True,True
visit_0685,True,True,True,True
visit_0686,False,False,True,True
visit_0687,False,False,True,True
visit_0688,False,False,True,True
visit_0689,False,False,True,True
visit_0690,False,False,True,True
visit_0691,True,True,True,True
visit_0692,False,False,True,True
visit_0693,False,False,True,True
visit_0694,False,False,True,True
visit_0695,True,True,True,True
visit_0696,False,False,True,True
visit_0697,False,False,True,True
visit_0698,False,False,True,True
visit_0699,False,False,True,True
visit_0700,False,False,True,True
visit_0701,False,False,True,True
visit_0702,False,False,True,True
visit_0703,True,True,True,True
visit_0704,True,True,True,True
visit_0705,False,False,True,True
visit_0706,False,False,True,True
visit_0707,False,False,True,True
visit_0708,False,False,True,True
visit_0709,False,False,True,True
visit_0710,False,False,True,True
visit_0711,True,True,True,True
visit_0712,True,True,True,True
visit_0713,True,True,True,True
visit_0714,False,False,True,True
visit_0715,False,False,True,True
visit_0716,True,True,True,True
visit_0717,False,False,True,True
visit_0718,False,False,True,True
visit_0719,False,False,True,True
visit_0720,False,False,True,True
visit_0721,True,True,True,True
visit_0722,False,False,True,True
visit_0723,False,False,True,True
visit_0724,True,True,True,True
visit_0725,False,False,True,True
visit_0726,False,False,True,True
visit_0727,False,False,True,True
visit_0728,False,False,True,True
visit_0729,False,False,True,True
visit_0730,True,True,True,True
visit_0731,True,True,True,True
visit_0732,True,True,True,True
visit_0733,False,False,True,True
visit_0734,False,False,True,True
visit_0735,True,True,True,True
visit_0736,False,False,True,True
visit_0737,False,False,True,True
visit_0738,False,False,True,True
visit_0739,False,False,True,True
visit_0740,False,False,True,True
visit_0741,False,False,True,True
visit_0742,True,True,True,True
visit_0743,True,True,True,True
visit_0744,False,False,True,True
visit_0745,False,False,True,True
visit_0746,False,False,True,True
visit_0747,False,False,True,True
visit_0748,False,False,True,True
visit_0749,False,False,True,True
visit_0750,False,False,True,True
visit_0751,False,False,True,True
visit_0752,False,False,True,True
visit_0753,True,True,True,True
visit_0754,True,True,True,True
visit_0755,False,False,True,True
visit_0756,False,False,True,True
visit_0757,False,False,True,True
visit_0758,False,False,True,True
visit_0759,False,False,True,True
visit_0760,False,False,True,True
visit_0761,False,False,True,True
visit_0762,True,True,True,True
visit_0763,True,True,True,True
visit_0764,False,False,True,True
visit_0765,False,False,True,True
visit_0766,False,False,True,True
visit_0767,False,False,True,True
visit_0768,False,False,True,True
visit_0769,True,True,True,True
visit_0770,False,False,True,True
visit_0771,True,True,True,True
visit_0772,False,False,True,True
visit_0773,False,False,True,True
visit_0774,False,False,True,True
visit_0775,False,False,True,True
visit_0776,False,False,True,True
visit_0777,True,True,True,True
visit_0778,True,True,True,True
visit_0779,True,True,True,True
visit_0780,False,False,True,True
visit_0781,False,False,True,True
visit_0782,False,False,True,True
visit_0783,False,False,True,True
visit_0784,True,True,True,True
visit_0785,False,False,True,True
visit_0786,True,True,True,True
visit_0787,False,False,True,True
visit_0788,False,False,True,True
visit_0789,False,False,True,True
visit_0790,False,False,True,True
visit_0791,False,False,True,True
visit_0792,False,False,True,True
visit_0793,False,False,True,True
visit_0794,False,False,True,True
visit_0795,False,False,True,True
visit_0796,False,False,True,True
visit_0797,False,False,True,True
visit_0798,True,True,True,True
visit_0799,False,False,True,True
visit_0800,False,False,True,True
visit_0801,False,False,True,True
visit_0802,True,True,True,True
visit_0803,False,False,True,True
visit_0804,False,False,True,True
visit_0805,False,False,True,True
visit_0806,False,False,True,True
visit_0807,False,False,True,True
visit_0808,False,False,True,True
visit_0809,True,True,True,True
visit_0810,False,False,True,True
visit_0811,True,True,True,True
visit_0812,False,False,True,True
visit_0813,False,False,True,True
visit_0814,False,False,True,True
visit_0815,False,False,True,True
visit_0816,False,False,True,True
visit_0817,False,False,True,True
visit_0818,True,True,True,True
visit_0819,False,False,True,True
visit_0820,False,False,True,True
visit_0821,True,True,True,True
visit_0822,False,False,True,True
visit_0823,False,False,True,True
visit_0824,False,False,True,True
visit_0825,False,False,True,True
visit_0826,False,False,True,True
visit_0827,False,False,True,True
visit_0828,False,False,True,True
visit_0829,True,True,True,True
visit_0830,False,False,True,True
visit_0831,False,False,True,True
visit_0832,False,False,True,True
visit_0833,True,True,True,True
visit_0834,False,False,True,True
visit_0835,False,False,True,True
visit_0836,True,True,True,True
visit_0837,False,False,True,True
visit_0838,False,False,True,True
visit_0839,False,False,True,True
visit_0840,False,False,True,True
visit_0841,False,False,True,True
visit_0842,False,False,True,True
visit_0843,False,False,True,True
visit_0844,False,False,True,True
visit_0845,False,False,True,True
visit_0846,False,False,True,True
visit_0847,False,False,True,True
visit_0848,True,True,True,True
visit_0849,False,False,True,True
visit_0850,False,False,True,True
visit_0851,False,False,True,True
visit_0852,True,True,True,True
visit_0853,False,False,True,True
visit_0854,False,False,True,True
visit_0855,False,False,True,True
visit_0856,True,True,True,True
visit_0857,False,False,True,True
visit_0858,False,False,True,True
visit_0859,False,False,True,True
visit_0860,True,True,True,True
visit_0861,True,True,True,True
visit_0862,False,False,True,True
visit_0863,True,True,True,True
visit_0864,True,True,True,True
visit_0865,False,False,True,True
visit_0866,True,True,True,True
visit_0867,False,False,True,True
visit_0868,False,False,True,True
visit_0869,True,True,True,True
visit_0870,True,True,True,True
visit_0871,False,False,True,True
visit_0872,False,False,True,True
visit_0873,False,False,True,True
visit_0874,True,True,True,True
visit_0875,True,True,True,True
visit_0876,False,False,True,True
visit_0877,True,True,True,True
visit_0878,False,False,True,True
visit_0879,False,False,True,True
visit_0880,False,False,True,True
visit_0881,True,True,True,True
visit_0882,True,True,True,True
visit_0883,False,False,True,True
visit_0884,False,False,True,True
visit_0885,False,False,True,True
visit_0886,False,False,True,True
visit_0887,False,False,True,True
visit_0888,True,True,True,True
visit_0889,False,False,True,True
visit_0890,False,False,True,True
visit_0891,False,False,True,True
visit_0892,False,False,True,True
visit_0893,False,False,True,True
visit_0894,False,False,True,True
visit_0895,False,False,True,True
visit_0896,True,True,True,True
visit_0897,False,False,True,True
visit_0898,True,True,True,True
visit_0899,True,True,True,True
visit_0900,False,False,True,True
visit_0901,False,False,True,True
visit_0902,False,False,True,True
visit_0903,False,False,True,True
visit_0904,False,False,True,True
visit_0905,False,False,True,True
visit_0906,True,True,True,True
visit_0907,False,False,True,True
visit_0908,True,True,True,True
visit_0909,False,False,True,True
visit_0910,True,True,True,True
visit_0911,False,False,True,True
visit_0912,True,True,True,True
visit_0913,False,False,True,True
visit_0914,False,False,True,True
visit_0915,False,False,True,True
visit_0916,False,False,True,True
visit_0917,False,False,True,True
visit_0918,False,False,True,True
visit_0919,False,False,True,True
visit_0920,False,False,True,True
visit_0921,True,True,True,True
visit_0922,True,True,True,True
visit_0923,False,False,True,True
visit_0924,False,False,True,True
visit_0925,False,False,True,True
visit_0926,False,False,True,True
visit_0927,False,False,True,True
visit_0928,True,True,True,True
visit_0929,False,False,True,True
visit_0930,False,False,True,True
visit_0931,False,False,True,True
visit_0932,True,True,True,True
visit_0933,True,True,True,True
visit_0934,False,False,True,True
visit_0935,True,True,True,True
visit_0936,False,False,True,True
visit_0937,False,False,True,True
visit_0938,False,False,True,True
visit_0939,True,True,True,True
visit_0940,False,False,True,True
visit_0941,False,False,True,True
visit_0942,False,False,True,True
visit_0943,False,False,True,True
visit_0944,False,False,True,True
visit_0945,True,True,True,True
visit_0946,False,False,True,True
visit_0947,True,True,True,True
visit_0948,False,False,True,True
visit_0949,False,False,True,True
visit_0950,False,False,True,True
visit_0951,True,True,True,True
visit_0952,True,True,True,True
visit_0953,False,False,True,True
visit_0954,False,False,True,True
visit_0955,False,False,True,True
visit_0956,True,True,True,True
visit_0957,False,False,True,True
visit_0958,True,True,True,True
visit_0959,True,True,True,True
visit_0960,True,True,True,True
visit_0961,False,False,True,True
visit_0962,False,False,True,True
visit_0963,False,False,True,True
visit_0964,False,False,True,True
visit_0965,True,True,True,True
visit_0966,False,False,True,True
visit_0967,False,False,True,True
visit_0968,True,True,True,True
visit_0969,False,False,True,True
visit_0970,True,True,True,True
visit_0971,False,False,True,True
visit_0972,True,True,True,True
visit_0973,True,True,True,True
visit_0974,True,True,True,True
visit_0975,True,True,True,True
visit_0976,False,False,True,True
visit_0977,False,False,True,True
visit_0978,False,False,True,True
visit_0979,False,False,True,True
visit_0980,False,False,True,True
visit_0981,True,True,True,True
visit_0982,False,False,True,True
visit_0983,False,False,True,True
visit_0984,False,False,True,True
visit_0985,False,False,True,True
visit_0986,False,False,True,True
visit_0987,False,False,True,True
visit_0988,False,False,True,True
visit_0989,False,False,True,True
visit_0990,False,False,True,True
visit_0991,False,False,True,True
visit_0992,False,False,True,True
visit_0993,False,False,True,True
visit_0994,True,True,True,True
visit_0995,False,False,True,True
visit_0996,False,False,True,True
visit_0997,False,False,True,True
visit_0998,False,False,True,True
visit_0999,True,True,True,True
